{
  "auc": 0.807672024167353,
  "accuracy": 0.7697032286118056,
  "n_train": 42928,
  "n_test": 18398
}