{
  "auc": 0.7573570103007139,
  "accuracy": 0.7515490814218937,
  "n_train": 42928,
  "n_test": 18398
}